,date,close,ticker,discreet_return,continuous_return
0,2021-05-04,26.887500762939453,BPAC11,-0.038788,-0.03956
1,2021-05-05,27.5,BPAC11,0.02278,0.022524
2,2021-05-06,27.94499969482422,BPAC11,0.016182,0.016052
3,2021-05-07,27.975000381469727,BPAC11,0.001074,0.001073
4,2021-05-10,28.082500457763672,BPAC11,0.003843,0.003835
5,2021-05-11,27.5674991607666,BPAC11,-0.018339,-0.018509
6,2021-05-12,26.954999923706055,BPAC11,-0.022218,-0.022469
7,2021-05-13,28.002500534057617,BPAC11,0.038861,0.038125
8,2021-05-14,28.075000762939453,BPAC11,0.002589,0.002586
9,2021-05-17,28.967500686645508,BPAC11,0.03179,0.031295
10,2021-05-18,28.600000381469727,BPAC11,-0.012687,-0.012768
11,2021-05-19,28.915000915527344,BPAC11,0.011014,0.010954
12,2021-05-20,29.827499389648438,BPAC11,0.031558,0.03107
13,2021-05-21,29.655000686645508,BPAC11,-0.005783,-0.0058
14,2021-05-24,30.642499923706055,BPAC11,0.0333,0.032757
15,2021-05-25,30.452499389648438,BPAC11,-0.006201,-0.00622
16,2021-05-26,30.25,BPAC11,-0.00665,-0.006672
17,2021-05-27,30.674999237060547,BPAC11,0.01405,0.013952
18,2021-05-28,30.735000610351562,BPAC11,0.001956,0.001954
19,2021-05-31,31.012500762939453,BPAC11,0.009029,0.008988
20,2021-06-01,30.5,BPAC11,-0.016526,-0.016664
21,2021-06-02,30.325000762939453,BPAC11,-0.005738,-0.005754
22,2021-06-04,30.5625,BPAC11,0.007832,0.007801
23,2021-06-07,30.372499465942383,BPAC11,-0.006217,-0.006236
24,2021-06-08,30.875,BPAC11,0.016545,0.016409
25,2021-06-09,30.364999771118164,BPAC11,-0.016518,-0.016656
26,2021-06-10,30.202499389648438,BPAC11,-0.005352,-0.005366
27,2021-06-11,29.56999969482422,BPAC11,-0.020942,-0.021164
28,2021-06-14,29.614999771118164,BPAC11,0.001522,0.001521
29,2021-06-15,30.50749969482422,BPAC11,0.030137,0.029692
30,2021-06-16,30.612499237060547,BPAC11,0.003442,0.003436
31,2021-06-17,30.577499389648438,BPAC11,-0.001143,-0.001144
32,2021-06-18,30.537500381469727,BPAC11,-0.001308,-0.001309
33,2021-06-21,30.7450008392334,BPAC11,0.006795,0.006772
34,2021-06-22,30.232500076293945,BPAC11,-0.016669,-0.01681
35,2021-06-23,30.302499771118164,BPAC11,0.002315,0.002313
36,2021-06-24,30.100000381469727,BPAC11,-0.006683,-0.006705
37,2021-06-25,29.5674991607666,BPAC11,-0.017691,-0.017849
38,2021-06-28,30.489999771118164,BPAC11,0.0312,0.030723
39,2021-06-29,30.674999237060547,BPAC11,0.006068,0.006049
40,2021-06-30,30.514999389648438,BPAC11,-0.005216,-0.00523
41,2021-07-01,30.09000015258789,BPAC11,-0.013928,-0.014025
42,2021-07-02,31.459999084472656,BPAC11,0.04553,0.044524
43,2021-07-05,31.40999984741211,BPAC11,-0.001589,-0.001591
44,2021-07-06,30.719999313354492,BPAC11,-0.021968,-0.022212
45,2021-07-07,30.969999313354492,BPAC11,0.008138,0.008105
46,2021-07-08,30.43000030517578,BPAC11,-0.017436,-0.01759
47,2021-07-12,30.709999084472656,BPAC11,0.009201,0.009159
48,2021-07-13,31.149999618530273,BPAC11,0.014328,0.014226
49,2021-07-14,31.690000534057617,BPAC11,0.017336,0.017187
50,2021-07-15,32.189998626708984,BPAC11,0.015778,0.015655
51,2021-07-16,31.68000030517578,BPAC11,-0.015843,-0.01597
52,2021-07-19,31.15999984741211,BPAC11,-0.016414,-0.01655
53,2021-07-20,31.600000381469727,BPAC11,0.014121,0.014022
54,2021-07-21,31.850000381469727,BPAC11,0.007911,0.00788
55,2021-07-22,31.65999984741211,BPAC11,-0.005965,-0.005983
56,2021-07-23,31.68000030517578,BPAC11,0.000632,0.000632
57,2021-07-26,32.27000045776367,BPAC11,0.018624,0.018452
58,2021-07-27,31.670000076293945,BPAC11,-0.018593,-0.018768
59,2021-07-28,31.020000457763672,BPAC11,-0.020524,-0.020738
60,2021-07-29,30.649999618530273,BPAC11,-0.011928,-0.012
61,2021-07-30,29.149999618530273,BPAC11,-0.04894,-0.050178
62,2021-08-02,29.540000915527344,BPAC11,0.013379,0.01329
63,2021-08-03,30.0,BPAC11,0.015572,0.015452
64,2021-08-04,29.81999969482422,BPAC11,-0.006,-0.006018
65,2021-08-05,29.719999313354492,BPAC11,-0.003353,-0.003359
66,2021-08-06,30.06999969482422,BPAC11,0.011777,0.011708
67,2021-08-09,31.299999237060547,BPAC11,0.040905,0.04009
68,2021-08-10,31.09000015258789,BPAC11,-0.006709,-0.006732
69,2021-08-11,30.350000381469727,BPAC11,-0.023802,-0.02409
70,2021-08-12,29.469999313354492,BPAC11,-0.028995,-0.029424
71,2021-08-13,29.690000534057617,BPAC11,0.007465,0.007438
72,2021-08-16,28.219999313354492,BPAC11,-0.049512,-0.050779
73,2021-08-17,28.030000686645508,BPAC11,-0.006733,-0.006756
74,2021-08-18,27.5,BPAC11,-0.018908,-0.019089
75,2021-08-19,28.389999389648438,BPAC11,0.032364,0.031851
76,2021-08-20,28.329999923706055,BPAC11,-0.002113,-0.002116
77,2021-08-23,27.969999313354492,BPAC11,-0.012707,-0.012789
78,2021-08-24,28.65999984741211,BPAC11,0.024669,0.02437
79,2021-08-25,28.760000228881836,BPAC11,0.003489,0.003483
80,2021-08-26,28.030000686645508,BPAC11,-0.025382,-0.02571
81,2021-08-27,29.209999084472656,BPAC11,0.042098,0.041236
82,2021-08-30,28.739999771118164,BPAC11,-0.01609,-0.016221
83,2021-08-31,28.43000030517578,BPAC11,-0.010786,-0.010845
84,2021-09-01,27.969999313354492,BPAC11,-0.01618,-0.016312
85,2021-09-02,27.6299991607666,BPAC11,-0.012156,-0.01223
86,2021-09-03,27.479999542236328,BPAC11,-0.005429,-0.005444
87,2021-09-06,27.940000534057617,BPAC11,0.016739,0.016601
88,2021-09-08,26.579999923706055,BPAC11,-0.048676,-0.0499
89,2021-09-09,27.600000381469727,BPAC11,0.038375,0.037657
90,2021-09-10,26.93000030517578,BPAC11,-0.024275,-0.024575
91,2021-09-13,27.559999465942383,BPAC11,0.023394,0.023125
92,2021-09-14,27.6299991607666,BPAC11,0.00254,0.002537
93,2021-09-15,27.5,BPAC11,-0.004705,-0.004716
94,2021-09-16,27.34000015258789,BPAC11,-0.005818,-0.005835
95,2021-09-17,26.799999237060547,BPAC11,-0.019751,-0.019949
96,2021-09-20,25.770000457763672,BPAC11,-0.038433,-0.039191
97,2021-09-21,26.239999771118164,BPAC11,0.018238,0.018074
98,2021-09-22,27.239999771118164,BPAC11,0.03811,0.037402
99,2021-09-23,27.020000457763672,BPAC11,-0.008076,-0.008109
100,2021-09-24,26.770000457763672,BPAC11,-0.009252,-0.009295
101,2021-09-27,26.829999923706055,BPAC11,0.002241,0.002239
102,2021-09-28,25.639999389648438,BPAC11,-0.044353,-0.045367
103,2021-09-29,25.920000076293945,BPAC11,0.01092,0.010861
104,2021-09-30,25.0,BPAC11,-0.035494,-0.036139
105,2021-10-01,26.020000457763672,BPAC11,0.0408,0.03999
106,2021-10-04,24.719999313354492,BPAC11,-0.049962,-0.051253
107,2021-10-05,24.09000015258789,BPAC11,-0.025485,-0.025816
108,2021-10-06,24.299999237060547,BPAC11,0.008717,0.008679
109,2021-10-07,24.399999618530273,BPAC11,0.004115,0.004107
110,2021-10-08,25.649999618530273,BPAC11,0.05123,0.04996
111,2021-10-11,24.100000381469727,BPAC11,-0.060429,-0.062332
112,2021-10-13,24.739999771118164,BPAC11,0.026556,0.02621
113,2021-10-14,24.780000686645508,BPAC11,0.001617,0.001616
114,2021-10-15,25.950000762939453,BPAC11,0.047215,0.046135
115,2021-10-18,25.5,BPAC11,-0.017341,-0.017493
116,2021-10-19,24.139999389648438,BPAC11,-0.053333,-0.054808
117,2021-10-20,24.790000915527344,BPAC11,0.026926,0.02657
118,2021-10-21,23.229999542236328,BPAC11,-0.062929,-0.064996
119,2021-10-22,22.93000030517578,BPAC11,-0.012914,-0.012998
120,2021-10-25,23.360000610351562,BPAC11,0.018753,0.018579
121,2021-10-26,22.479999542236328,BPAC11,-0.037671,-0.038399
122,2021-10-27,22.799999237060547,BPAC11,0.014235,0.014134
123,2021-10-28,22.729999542236328,BPAC11,-0.00307,-0.003075
124,2021-10-29,22.649999618530273,BPAC11,-0.00352,-0.003526
125,2021-11-01,23.59000015258789,BPAC11,0.041501,0.040663
126,2021-11-03,23.81999969482422,BPAC11,0.00975,0.009703
127,2021-11-04,23.389999389648438,BPAC11,-0.018052,-0.018217
128,2021-11-05,24.440000534057617,BPAC11,0.044891,0.043913
129,2021-11-08,23.81999969482422,BPAC11,-0.025368,-0.025696
130,2021-11-09,22.690000534057617,BPAC11,-0.047439,-0.048601
131,2021-11-10,23.75,BPAC11,0.046717,0.045658
132,2021-11-11,23.84000015258789,BPAC11,0.003789,0.003782
133,2021-11-12,22.780000686645508,BPAC11,-0.044463,-0.045482
134,2021-11-16,21.8700008392334,BPAC11,-0.039947,-0.040767
135,2021-11-17,20.8700008392334,BPAC11,-0.045725,-0.046803
136,2021-11-18,20.8799991607666,BPAC11,0.000479,0.000479
137,2021-11-19,20.920000076293945,BPAC11,0.001916,0.001914
138,2021-11-22,19.920000076293945,BPAC11,-0.047801,-0.048981
139,2021-11-23,20.100000381469727,BPAC11,0.009036,0.008996
140,2021-11-24,20.600000381469727,BPAC11,0.024876,0.024571
141,2021-11-25,21.84000015258789,BPAC11,0.060194,0.058452
142,2021-11-26,20.81999969482422,BPAC11,-0.046703,-0.047829
143,2021-11-29,21.540000915527344,BPAC11,0.034582,0.033998
144,2021-11-30,20.65999984741211,BPAC11,-0.040854,-0.041712
145,2021-12-01,20.760000228881836,BPAC11,0.00484,0.004829
146,2021-12-02,20.889999389648438,BPAC11,0.006262,0.006242
147,2021-12-03,21.100000381469727,BPAC11,0.010053,0.010003
148,2021-12-06,21.280000686645508,BPAC11,0.008531,0.008495
149,2021-12-07,21.219999313354492,BPAC11,-0.00282,-0.002824
150,2021-12-08,21.709999084472656,BPAC11,0.023091,0.022829
151,2021-12-09,21.3700008392334,BPAC11,-0.015661,-0.015785
152,2021-12-10,22.670000076293945,BPAC11,0.060833,0.059054
153,2021-12-13,22.829999923706055,BPAC11,0.007058,0.007033
154,2021-12-14,21.829999923706055,BPAC11,-0.043802,-0.04479
155,2021-12-15,22.440000534057617,BPAC11,0.027943,0.02756
156,2021-12-16,22.25,BPAC11,-0.008467,-0.008503
157,2021-12-17,22.65999984741211,BPAC11,0.018427,0.018259
158,2021-12-20,21.690000534057617,BPAC11,-0.042807,-0.04375
159,2021-12-21,21.40999984741211,BPAC11,-0.012909,-0.012993
160,2021-12-22,21.780000686645508,BPAC11,0.017282,0.017134
161,2021-12-23,21.459999084472656,BPAC11,-0.014692,-0.014801
162,2021-12-27,21.479999542236328,BPAC11,0.000932,0.000932
163,2021-12-28,20.719999313354492,BPAC11,-0.035382,-0.036023
164,2021-12-29,20.729999542236328,BPAC11,0.000483,0.000483
165,2021-12-30,20.969999313354492,BPAC11,0.011577,0.011511
166,2022-01-03,20.1200008392334,BPAC11,-0.040534,-0.041378
167,2022-01-04,19.65999984741211,BPAC11,-0.022863,-0.023128
168,2022-01-05,18.809999465942383,BPAC11,-0.043235,-0.044197
169,2022-01-06,18.459999084472656,BPAC11,-0.018607,-0.018782
170,2022-01-07,18.600000381469727,BPAC11,0.007584,0.007555
171,2022-01-10,18.559999465942383,BPAC11,-0.002151,-0.002153
172,2022-01-11,19.450000762939453,BPAC11,0.047953,0.046838
173,2022-01-12,19.559999465942383,BPAC11,0.005655,0.00564
174,2022-01-13,19.299999237060547,BPAC11,-0.013292,-0.013382
175,2022-01-14,19.610000610351562,BPAC11,0.016062,0.015935
176,2022-01-17,19.760000228881836,BPAC11,0.007649,0.00762
177,2022-01-18,18.950000762939453,BPAC11,-0.040992,-0.041856
178,2022-01-19,19.940000534057617,BPAC11,0.052243,0.050924
179,2022-01-20,21.610000610351562,BPAC11,0.083751,0.080428
180,2022-01-21,21.299999237060547,BPAC11,-0.014345,-0.014449
181,2022-01-24,21.610000610351562,BPAC11,0.014554,0.014449
182,2022-01-25,22.520000457763672,BPAC11,0.04211,0.041248
183,2022-01-26,23.149999618530273,BPAC11,0.027975,0.027591
184,2022-01-27,24.1200008392334,BPAC11,0.041901,0.041047
185,2022-01-28,23.31999969482422,BPAC11,-0.033168,-0.03373
186,2022-01-31,24.040000915527344,BPAC11,0.030875,0.030408
187,2022-02-01,24.25,BPAC11,0.008735,0.008697
188,2022-02-02,23.389999389648438,BPAC11,-0.035464,-0.036108
189,2022-02-03,23.079999923706055,BPAC11,-0.013254,-0.013342
190,2022-02-04,22.8700008392334,BPAC11,-0.009099,-0.00914
191,2022-02-07,22.65999984741211,BPAC11,-0.009182,-0.009225
192,2022-02-08,22.579999923706055,BPAC11,-0.00353,-0.003537
193,2022-02-09,23.440000534057617,BPAC11,0.038087,0.037379
194,2022-02-10,23.31999969482422,BPAC11,-0.005119,-0.005133
195,2022-02-11,23.020000457763672,BPAC11,-0.012864,-0.012948
196,2022-02-14,23.350000381469727,BPAC11,0.014335,0.014234
197,2022-02-15,24.850000381469727,BPAC11,0.06424,0.062261
198,2022-02-16,25.260000228881836,BPAC11,0.016499,0.016364
199,2022-02-17,25.06999969482422,BPAC11,-0.007522,-0.00755
200,2022-02-18,25.139999389648438,BPAC11,0.002792,0.002788
201,2022-02-21,24.15999984741211,BPAC11,-0.038982,-0.039762
202,2022-02-22,25.450000762939453,BPAC11,0.053394,0.052017
203,2022-02-23,25.209999084472656,BPAC11,-0.00943,-0.009475
204,2022-02-24,26.049999237060547,BPAC11,0.03332,0.032777
205,2022-02-25,25.40999984741211,BPAC11,-0.024568,-0.024875
206,2022-03-02,25.149999618530273,BPAC11,-0.010232,-0.010285
207,2022-03-03,24.670000076293945,BPAC11,-0.019085,-0.01927
208,2022-03-04,23.81999969482422,BPAC11,-0.034455,-0.035062
209,2022-03-07,23.0,BPAC11,-0.034425,-0.035031
210,2022-03-08,23.860000610351562,BPAC11,0.037391,0.036709
211,2022-03-09,25.0,BPAC11,0.047779,0.046672
212,2022-03-10,24.270000457763672,BPAC11,-0.0292,-0.029635
213,2022-03-11,23.850000381469727,BPAC11,-0.017305,-0.017457
214,2022-03-14,23.59000015258789,BPAC11,-0.010901,-0.010961
215,2022-03-15,23.709999084472656,BPAC11,0.005087,0.005074
216,2022-03-16,24.459999084472656,BPAC11,0.031632,0.031142
217,2022-03-17,25.139999389648438,BPAC11,0.027801,0.027421
218,2022-03-18,25.649999618530273,BPAC11,0.020286,0.020083
219,2022-03-21,24.969999313354492,BPAC11,-0.026511,-0.026868
220,2022-03-22,25.690000534057617,BPAC11,0.028835,0.028427
221,2022-03-23,26.040000915527344,BPAC11,0.013624,0.013532
222,2022-03-24,26.549999237060547,BPAC11,0.019585,0.019396
223,2022-03-25,26.959999084472656,BPAC11,0.015443,0.015325
224,2022-03-28,27.0,BPAC11,0.001484,0.001483
225,2022-03-29,27.149999618530273,BPAC11,0.005556,0.00554
226,2022-03-30,26.34000015258789,BPAC11,-0.029834,-0.030288
227,2022-03-31,26.040000915527344,BPAC11,-0.011389,-0.011455
228,2022-04-01,26.6299991607666,BPAC11,0.022657,0.022405
229,2022-04-04,26.3799991607666,BPAC11,-0.009388,-0.009432
230,2022-04-05,25.34000015258789,BPAC11,-0.039424,-0.040222
231,2022-04-06,25.110000610351562,BPAC11,-0.009077,-0.009118
232,2022-04-07,25.639999389648438,BPAC11,0.021107,0.020887
233,2022-04-08,25.59000015258789,BPAC11,-0.00195,-0.001952
234,2022-04-11,25.25,BPAC11,-0.013286,-0.013376
235,2022-04-12,24.799999237060547,BPAC11,-0.017822,-0.017983
236,2022-04-13,25.3700008392334,BPAC11,0.022984,0.022724
237,2022-04-14,25.100000381469727,BPAC11,-0.010643,-0.0107
238,2021-05-04,26.709999084472656,ITUB4,-0.042652,-0.043589
239,2021-05-05,27.469999313354492,ITUB4,0.028454,0.028056
240,2021-05-06,27.299999237060547,ITUB4,-0.006189,-0.006208
241,2021-05-07,27.6299991607666,ITUB4,0.012088,0.012015
242,2021-05-10,28.040000915527344,ITUB4,0.014839,0.01473
243,2021-05-11,27.979999542236328,ITUB4,-0.00214,-0.002142
244,2021-05-12,27.56999969482422,ITUB4,-0.014653,-0.014762
245,2021-05-13,28.3700008392334,ITUB4,0.029017,0.028604
246,2021-05-14,29.0,ITUB4,0.022207,0.021964
247,2021-05-17,28.979999542236328,ITUB4,-0.00069,-0.00069
248,2021-05-18,28.920000076293945,ITUB4,-0.00207,-0.002073
249,2021-05-19,29.1299991607666,ITUB4,0.007261,0.007235
250,2021-05-20,29.290000915527344,ITUB4,0.005493,0.005478
251,2021-05-21,29.43000030517578,ITUB4,0.00478,0.004768
252,2021-05-24,29.350000381469727,ITUB4,-0.002718,-0.002722
253,2021-05-25,29.0,ITUB4,-0.011925,-0.011997
254,2021-05-26,29.399999618530273,ITUB4,0.013793,0.013699
255,2021-05-27,29.149999618530273,ITUB4,-0.008503,-0.00854
256,2021-05-28,29.6299991607666,ITUB4,0.016467,0.016332
257,2021-05-31,29.540000915527344,ITUB4,-0.003037,-0.003042
258,2021-06-01,30.600000381469727,ITUB4,0.035884,0.035255
259,2021-06-02,31.6200008392334,ITUB4,0.033333,0.03279
260,2021-06-04,32.279998779296875,ITUB4,0.020873,0.020658
261,2021-06-07,33.040000915527344,ITUB4,0.023544,0.023271
262,2021-06-08,32.810001373291016,ITUB4,-0.006961,-0.006986
263,2021-06-09,33.2599983215332,ITUB4,0.013715,0.013622
264,2021-06-10,33.13999938964844,ITUB4,-0.003608,-0.003614
265,2021-06-11,32.75,ITUB4,-0.011768,-0.011838
266,2021-06-14,32.63999938964844,ITUB4,-0.003359,-0.003364
267,2021-06-15,32.63999938964844,ITUB4,0.0,0.0
268,2021-06-16,33.290000915527344,ITUB4,0.019914,0.019719
269,2021-06-17,32.900001525878906,ITUB4,-0.011715,-0.011784
270,2021-06-18,32.29999923706055,ITUB4,-0.018237,-0.018405
271,2021-06-21,32.45000076293945,ITUB4,0.004644,0.004633
272,2021-06-22,32.029998779296875,ITUB4,-0.012943,-0.013028
273,2021-06-23,31.799999237060547,ITUB4,-0.007181,-0.007207
274,2021-06-24,31.809999465942383,ITUB4,0.000314,0.000314
275,2021-06-25,30.799999237060547,ITUB4,-0.031751,-0.032266
276,2021-06-28,30.450000762939453,ITUB4,-0.011364,-0.011429
277,2021-06-29,30.149999618530273,ITUB4,-0.009852,-0.009901
278,2021-06-30,29.799999237060547,ITUB4,-0.011609,-0.011677
279,2021-07-01,29.690000534057617,ITUB4,-0.003691,-0.003698
280,2021-07-02,30.010000228881836,ITUB4,0.010778,0.01072
281,2021-07-05,29.600000381469727,ITUB4,-0.013662,-0.013756
282,2021-07-06,29.549999237060547,ITUB4,-0.001689,-0.001691
283,2021-07-07,29.68000030517578,ITUB4,0.004399,0.00439
284,2021-07-08,29.290000915527344,ITUB4,-0.01314,-0.013227
285,2021-07-12,29.690000534057617,ITUB4,0.013657,0.013564
286,2021-07-13,29.8700008392334,ITUB4,0.006063,0.006044
287,2021-07-14,29.90999984741211,ITUB4,0.001339,0.001338
288,2021-07-15,29.549999237060547,ITUB4,-0.012036,-0.012109
289,2021-07-16,29.06999969482422,ITUB4,-0.016244,-0.016377
290,2021-07-19,28.899999618530273,ITUB4,-0.005848,-0.005865
291,2021-07-20,29.280000686645508,ITUB4,0.013149,0.013063
292,2021-07-21,29.399999618530273,ITUB4,0.004098,0.00409
293,2021-07-22,29.100000381469727,ITUB4,-0.010204,-0.010256
294,2021-07-23,29.020000457763672,ITUB4,-0.002749,-0.002753
295,2021-07-26,29.530000686645508,ITUB4,0.017574,0.017421
296,2021-07-27,29.81999969482422,ITUB4,0.00982,0.009773
297,2021-07-28,30.790000915527344,ITUB4,0.032529,0.032011
298,2021-07-29,30.6299991607666,ITUB4,-0.005197,-0.00521
299,2021-07-30,30.299999237060547,ITUB4,-0.010774,-0.010832
300,2021-08-02,30.469999313354492,ITUB4,0.005611,0.005595
301,2021-08-03,30.770000457763672,ITUB4,0.009846,0.009798
302,2021-08-04,29.90999984741211,ITUB4,-0.027949,-0.028347
303,2021-08-05,30.0,ITUB4,0.003009,0.003005
304,2021-08-06,30.84000015258789,ITUB4,0.028,0.027615
305,2021-08-09,31.200000762939453,ITUB4,0.011673,0.011606
306,2021-08-10,30.610000610351562,ITUB4,-0.01891,-0.019091
307,2021-08-11,30.950000762939453,ITUB4,0.011107,0.011046
308,2021-08-12,30.3700008392334,ITUB4,-0.01874,-0.018918
309,2021-08-13,30.780000686645508,ITUB4,0.0135,0.01341
310,2021-08-16,30.34000015258789,ITUB4,-0.014295,-0.014398
311,2021-08-17,30.229999542236328,ITUB4,-0.003626,-0.003632
312,2021-08-18,30.290000915527344,ITUB4,0.001985,0.001983
313,2021-08-19,29.899999618530273,ITUB4,-0.012876,-0.012959
314,2021-08-20,29.790000915527344,ITUB4,-0.003679,-0.003686
315,2021-08-23,30.110000610351562,ITUB4,0.010742,0.010685
316,2021-08-24,30.950000762939453,ITUB4,0.027898,0.027516
317,2021-08-25,30.989999771118164,ITUB4,0.001292,0.001292
318,2021-08-26,30.239999771118164,ITUB4,-0.024201,-0.024499
319,2021-08-27,30.760000228881836,ITUB4,0.017196,0.01705
320,2021-08-30,30.540000915527344,ITUB4,-0.007152,-0.007178
321,2021-08-31,30.940000534057617,ITUB4,0.013098,0.013013
322,2021-09-01,31.059999465942383,ITUB4,0.003878,0.003871
323,2021-09-02,29.940000534057617,ITUB4,-0.036059,-0.036725
324,2021-09-03,29.770000457763672,ITUB4,-0.005678,-0.005694
325,2021-09-06,30.149999618530273,ITUB4,0.012764,0.012684
326,2021-09-08,28.719999313354492,ITUB4,-0.04743,-0.048591
327,2021-09-09,29.100000381469727,ITUB4,0.013231,0.013144
328,2021-09-10,28.809999465942383,ITUB4,-0.009966,-0.010016
329,2021-09-13,29.170000076293945,ITUB4,0.012496,0.012418
330,2021-09-14,28.989999771118164,ITUB4,-0.006171,-0.00619
331,2021-09-15,28.520000457763672,ITUB4,-0.016212,-0.016345
332,2021-09-16,28.5,ITUB4,-0.000701,-0.000702
333,2021-09-17,27.81999969482422,ITUB4,-0.02386,-0.024149
334,2021-09-20,27.190000534057617,ITUB4,-0.022646,-0.022906
335,2021-09-21,27.1200008392334,ITUB4,-0.002574,-0.002578
336,2021-09-22,27.75,ITUB4,0.02323,0.022964
337,2021-09-23,28.709999084472656,ITUB4,0.034595,0.03401
338,2021-09-24,28.309999465942383,ITUB4,-0.013932,-0.01403
339,2021-09-27,29.049999237060547,ITUB4,0.026139,0.025803
340,2021-09-28,28.389999389648438,ITUB4,-0.022719,-0.022982
341,2021-09-29,28.899999618530273,ITUB4,0.017964,0.017805
342,2021-09-30,28.93000030517578,ITUB4,0.001038,0.001038
343,2021-10-01,29.670000076293945,ITUB4,0.025579,0.025257
344,2021-10-04,24.34000015258789,ITUB4,-0.179643,-0.198015
345,2021-10-05,24.93000030517578,ITUB4,0.02424,0.023951
346,2021-10-06,25.010000228881836,ITUB4,0.003209,0.003204
347,2021-10-07,24.479999542236328,ITUB4,-0.021192,-0.021419
348,2021-10-08,24.65999984741211,ITUB4,0.007353,0.007326
349,2021-10-11,24.229999542236328,ITUB4,-0.017437,-0.017591
350,2021-10-13,24.260000228881836,ITUB4,0.001238,0.001237
351,2021-10-14,24.139999389648438,ITUB4,-0.004946,-0.004959
352,2021-10-15,24.760000228881836,ITUB4,0.025684,0.025359
353,2021-10-18,24.93000030517578,ITUB4,0.006866,0.006842
354,2021-10-19,24.34000015258789,ITUB4,-0.023666,-0.023951
355,2021-10-20,24.989999771118164,ITUB4,0.026705,0.026355
356,2021-10-21,24.479999542236328,ITUB4,-0.020408,-0.020619
357,2021-10-22,23.540000915527344,ITUB4,-0.038399,-0.039155
358,2021-10-25,24.0,ITUB4,0.019541,0.019353
359,2021-10-26,23.739999771118164,ITUB4,-0.010833,-0.010892
360,2021-10-27,23.920000076293945,ITUB4,0.007582,0.007554
361,2021-10-28,23.8700008392334,ITUB4,-0.00209,-0.002092
362,2021-10-29,23.309999465942383,ITUB4,-0.02346,-0.02374
363,2021-11-01,24.219999313354492,ITUB4,0.039039,0.038296
364,2021-11-03,24.450000762939453,ITUB4,0.009496,0.009452
365,2021-11-04,23.15999984741211,ITUB4,-0.052761,-0.054204
366,2021-11-05,22.8799991607666,ITUB4,-0.01209,-0.012164
367,2021-11-08,22.760000228881836,ITUB4,-0.005245,-0.005259
368,2021-11-09,22.530000686645508,ITUB4,-0.010105,-0.010157
369,2021-11-10,23.100000381469727,ITUB4,0.0253,0.024985
370,2021-11-11,23.049999237060547,ITUB4,-0.002165,-0.002167
371,2021-11-12,23.0,ITUB4,-0.002169,-0.002172
372,2021-11-16,22.760000228881836,ITUB4,-0.010435,-0.01049
373,2021-11-17,22.850000381469727,ITUB4,0.003954,0.003947
374,2021-11-18,22.469999313354492,ITUB4,-0.01663,-0.01677
375,2021-11-19,22.280000686645508,ITUB4,-0.008456,-0.008492
376,2021-11-22,22.06999969482422,ITUB4,-0.009426,-0.00947
377,2021-11-23,22.440000534057617,ITUB4,0.016765,0.016626
378,2021-11-24,23.040000915527344,ITUB4,0.026738,0.026387
379,2021-11-25,23.25,ITUB4,0.009115,0.009073
380,2021-11-26,22.809999465942383,ITUB4,-0.018925,-0.019106
381,2021-11-29,22.65999984741211,ITUB4,-0.006576,-0.006598
382,2021-11-30,22.3799991607666,ITUB4,-0.012357,-0.012434
383,2021-12-01,22.219999313354492,ITUB4,-0.007149,-0.007175
384,2021-12-02,23.059999465942383,ITUB4,0.037804,0.037107
385,2021-12-03,22.979999542236328,ITUB4,-0.003469,-0.003475
386,2021-12-06,23.25,ITUB4,0.011749,0.011681
387,2021-12-07,22.959999084472656,ITUB4,-0.012473,-0.012552
388,2021-12-08,22.739999771118164,ITUB4,-0.009582,-0.009628
389,2021-12-09,22.1299991607666,ITUB4,-0.026825,-0.027191
390,2021-12-10,22.15999984741211,ITUB4,0.001356,0.001355
391,2021-12-13,21.56999969482422,ITUB4,-0.026625,-0.026985
392,2021-12-14,21.780000686645508,ITUB4,0.009736,0.009689
393,2021-12-15,21.709999084472656,ITUB4,-0.003214,-0.003219
394,2021-12-16,21.93000030517578,ITUB4,0.010134,0.010083
395,2021-12-17,21.450000762939453,ITUB4,-0.021888,-0.022131
396,2021-12-20,21.1200008392334,ITUB4,-0.015385,-0.015504
397,2021-12-21,21.149999618530273,ITUB4,0.00142,0.001419
398,2021-12-22,21.229999542236328,ITUB4,0.003783,0.003775
399,2021-12-23,21.34000015258789,ITUB4,0.005181,0.005168
400,2021-12-27,21.559999465942383,ITUB4,0.010309,0.010256
401,2021-12-28,21.479999542236328,ITUB4,-0.003711,-0.003717
402,2021-12-29,21.299999237060547,ITUB4,-0.00838,-0.008415
403,2021-12-30,20.950000762939453,ITUB4,-0.016432,-0.016568
404,2022-01-03,21.510000228881836,ITUB4,0.02673,0.026379
405,2022-01-04,22.1200008392334,ITUB4,0.028359,0.027964
406,2022-01-05,21.700000762939453,ITUB4,-0.018987,-0.01917
407,2022-01-06,22.139999389648438,ITUB4,0.020276,0.020074
408,2022-01-07,22.6299991607666,ITUB4,0.022132,0.021891
409,2022-01-10,22.84000015258789,ITUB4,0.00928,0.009237
410,2022-01-11,23.350000381469727,ITUB4,0.022329,0.022084
411,2022-01-12,23.25,ITUB4,-0.004283,-0.004292
412,2022-01-13,23.68000030517578,ITUB4,0.018495,0.018326
413,2022-01-14,23.5,ITUB4,-0.007601,-0.00763
414,2022-01-17,23.5,ITUB4,0.0,0.0
415,2022-01-18,23.639999389648438,ITUB4,0.005957,0.00594
416,2022-01-19,23.479999542236328,ITUB4,-0.006768,-0.006791
417,2022-01-20,23.290000915527344,ITUB4,-0.008092,-0.008125
418,2022-01-21,23.299999237060547,ITUB4,0.000429,0.000429
419,2022-01-24,23.270000457763672,ITUB4,-0.001288,-0.001288
420,2022-01-25,24.110000610351562,ITUB4,0.036098,0.035462
421,2022-01-26,24.3700008392334,ITUB4,0.010784,0.010726
422,2022-01-27,24.489999771118164,ITUB4,0.004924,0.004912
423,2022-01-28,24.790000915527344,ITUB4,0.01225,0.012176
424,2022-01-31,25.329999923706055,ITUB4,0.021783,0.021549
425,2022-02-01,25.489999771118164,ITUB4,0.006317,0.006297
426,2022-02-02,25.09000015258789,ITUB4,-0.015692,-0.015817
427,2022-02-03,25.3799991607666,ITUB4,0.011558,0.011492
428,2022-02-04,25.459999084472656,ITUB4,0.003152,0.003147
429,2022-02-07,25.31999969482422,ITUB4,-0.005499,-0.005514
430,2022-02-08,25.600000381469727,ITUB4,0.011058,0.010998
431,2022-02-09,24.579999923706055,ITUB4,-0.039844,-0.040659
432,2022-02-10,25.049999237060547,ITUB4,0.019121,0.018941
433,2022-02-11,26.530000686645508,ITUB4,0.059082,0.057402
434,2022-02-14,26.469999313354492,ITUB4,-0.002262,-0.002264
435,2022-02-15,26.719999313354492,ITUB4,0.009445,0.0094
436,2022-02-16,26.440000534057617,ITUB4,-0.010479,-0.010534
437,2022-02-17,26.06999969482422,ITUB4,-0.013994,-0.014093
438,2022-02-18,26.170000076293945,ITUB4,0.003836,0.003829
439,2022-02-21,25.530000686645508,ITUB4,-0.024455,-0.024759
440,2022-02-22,25.75,ITUB4,0.008617,0.00858
441,2022-02-23,25.389999389648438,ITUB4,-0.013981,-0.014079
442,2022-02-24,24.959999084472656,ITUB4,-0.016936,-0.017081
443,2022-02-25,25.469999313354492,ITUB4,0.020433,0.020227
444,2022-03-02,25.030000686645508,ITUB4,-0.017275,-0.017426
445,2022-03-03,25.049999237060547,ITUB4,0.000799,0.000799
446,2022-03-04,24.670000076293945,ITUB4,-0.01517,-0.015286
447,2022-03-07,24.139999389648438,ITUB4,-0.021484,-0.021718
448,2022-03-08,23.90999984741211,ITUB4,-0.009528,-0.009573
449,2022-03-09,25.100000381469727,ITUB4,0.04977,0.048571
450,2022-03-10,25.1200008392334,ITUB4,0.000797,0.000797
451,2022-03-11,24.84000015258789,ITUB4,-0.011147,-0.011209
452,2022-03-14,25.190000534057617,ITUB4,0.01409,0.013992
453,2022-03-15,25.100000381469727,ITUB4,-0.003573,-0.003579
454,2022-03-16,25.59000015258789,ITUB4,0.019522,0.019334
455,2022-03-17,26.149999618530273,ITUB4,0.021884,0.021648
456,2022-03-18,26.34000015258789,ITUB4,0.007266,0.00724
457,2022-03-21,26.989999771118164,ITUB4,0.024677,0.024378
458,2022-03-22,27.360000610351562,ITUB4,0.013709,0.013616
459,2022-03-23,27.239999771118164,ITUB4,-0.004386,-0.004396
460,2022-03-24,27.420000076293945,ITUB4,0.006608,0.006586
461,2022-03-25,27.469999313354492,ITUB4,0.001823,0.001822
462,2022-03-28,27.450000762939453,ITUB4,-0.000728,-0.000728
463,2022-03-29,27.770000457763672,ITUB4,0.011658,0.01159
464,2022-03-30,27.829999923706055,ITUB4,0.002161,0.002158
465,2022-03-31,27.479999542236328,ITUB4,-0.012576,-0.012656
466,2022-04-01,27.540000915527344,ITUB4,0.002183,0.002181
467,2022-04-04,27.290000915527344,ITUB4,-0.009078,-0.009119
468,2022-04-05,26.739999771118164,ITUB4,-0.020154,-0.02036
469,2022-04-06,26.729999542236328,ITUB4,-0.000374,-0.000374
470,2022-04-07,26.709999084472656,ITUB4,-0.000748,-0.000749
471,2022-04-08,26.65999984741211,ITUB4,-0.001872,-0.001874
472,2022-04-11,26.559999465942383,ITUB4,-0.003751,-0.003758
473,2022-04-12,26.09000015258789,ITUB4,-0.017696,-0.017854
474,2022-04-13,26.15999984741211,ITUB4,0.002683,0.002679
475,2022-04-14,26.329999923706055,ITUB4,0.006498,0.006477
476,2021-05-04,38.209999084472656,SANB11,-0.02724,-0.027618
477,2021-05-05,39.09000015258789,SANB11,0.023031,0.022769
478,2021-05-06,38.900001525878906,SANB11,-0.004861,-0.004872
479,2021-05-07,39.08000183105469,SANB11,0.004627,0.004617
480,2021-05-10,38.439998626708984,SANB11,-0.016377,-0.016512
481,2021-05-11,38.18000030517578,SANB11,-0.006764,-0.006787
482,2021-05-12,37.470001220703125,SANB11,-0.018596,-0.018771
483,2021-05-13,38.52000045776367,SANB11,0.028022,0.027637
484,2021-05-14,39.34000015258789,SANB11,0.021288,0.021064
485,2021-05-17,39.529998779296875,SANB11,0.00483,0.004818
486,2021-05-18,39.66999816894531,SANB11,0.003542,0.003535
487,2021-05-19,41.029998779296875,SANB11,0.034283,0.033708
488,2021-05-20,40.810001373291016,SANB11,-0.005362,-0.005376
489,2021-05-21,41.029998779296875,SANB11,0.005391,0.005376
490,2021-05-24,40.68000030517578,SANB11,-0.00853,-0.008567
491,2021-05-25,40.27000045776367,SANB11,-0.010079,-0.01013
492,2021-05-26,40.81999969482422,SANB11,0.013658,0.013565
493,2021-05-27,40.81999969482422,SANB11,0.0,0.0
494,2021-05-28,40.79999923706055,SANB11,-0.00049,-0.00049
495,2021-05-31,41.209999084472656,SANB11,0.010049,0.009999
496,2021-06-01,42.84000015258789,SANB11,0.039554,0.038791
497,2021-06-02,43.650001525878906,SANB11,0.018908,0.018731
498,2021-06-04,44.77000045776367,SANB11,0.025659,0.025335
499,2021-06-07,45.650001525878906,SANB11,0.019656,0.019465
500,2021-06-08,45.599998474121094,SANB11,-0.001095,-0.001096
501,2021-06-09,45.119998931884766,SANB11,-0.010526,-0.010582
502,2021-06-10,45.45000076293945,SANB11,0.007314,0.007287
503,2021-06-11,45.040000915527344,SANB11,-0.009021,-0.009062
504,2021-06-14,45.20000076293945,SANB11,0.003552,0.003546
505,2021-06-15,44.90999984741211,SANB11,-0.006416,-0.006437
506,2021-06-16,45.63999938964844,SANB11,0.016255,0.016124
507,2021-06-17,44.900001525878906,SANB11,-0.016214,-0.016347
508,2021-06-18,44.099998474121094,SANB11,-0.017817,-0.017978
509,2021-06-21,43.88999938964844,SANB11,-0.004762,-0.004773
510,2021-06-22,43.75,SANB11,-0.00319,-0.003195
511,2021-06-23,43.189998626708984,SANB11,-0.0128,-0.012883
512,2021-06-24,43.099998474121094,SANB11,-0.002084,-0.002086
513,2021-06-25,42.099998474121094,SANB11,-0.023202,-0.023475
514,2021-06-28,41.70000076293945,SANB11,-0.009501,-0.009547
515,2021-06-29,41.33000183105469,SANB11,-0.008873,-0.008912
516,2021-06-30,40.5,SANB11,-0.020082,-0.020287
517,2021-07-01,40.459999084472656,SANB11,-0.000988,-0.000988
518,2021-07-02,40.91999816894531,SANB11,0.011369,0.011305
519,2021-07-05,40.52000045776367,SANB11,-0.009775,-0.009823
520,2021-07-06,39.83000183105469,SANB11,-0.017029,-0.017175
521,2021-07-07,40.119998931884766,SANB11,0.007281,0.007254
522,2021-07-08,39.79999923706055,SANB11,-0.007976,-0.008008
523,2021-07-12,41.29999923706055,SANB11,0.037688,0.036996
524,2021-07-13,41.33000183105469,SANB11,0.000726,0.000726
525,2021-07-14,41.34000015258789,SANB11,0.000242,0.000242
526,2021-07-15,40.61000061035156,SANB11,-0.017658,-0.017816
527,2021-07-16,39.900001525878906,SANB11,-0.017483,-0.017638
528,2021-07-19,39.66999816894531,SANB11,-0.005764,-0.005781
529,2021-07-20,40.15999984741211,SANB11,0.012352,0.012276
530,2021-07-21,40.599998474121094,SANB11,0.010956,0.010897
531,2021-07-22,40.16999816894531,SANB11,-0.010591,-0.010648
532,2021-07-23,39.849998474121094,SANB11,-0.007966,-0.007998
533,2021-07-26,40.83000183105469,SANB11,0.024592,0.024295
534,2021-07-27,41.20000076293945,SANB11,0.009062,0.009021
535,2021-07-28,41.689998626708984,SANB11,0.011893,0.011823
536,2021-07-29,41.029998779296875,SANB11,-0.015831,-0.015958
537,2021-07-30,40.459999084472656,SANB11,-0.013892,-0.01399
538,2021-08-02,40.599998474121094,SANB11,0.00346,0.003454
539,2021-08-03,40.849998474121094,SANB11,0.006158,0.006139
540,2021-08-04,40.38999938964844,SANB11,-0.011261,-0.011325
541,2021-08-05,39.31999969482422,SANB11,-0.026492,-0.026849
542,2021-08-06,40.880001068115234,SANB11,0.039675,0.038908
543,2021-08-09,40.709999084472656,SANB11,-0.004159,-0.004167
544,2021-08-10,39.79999923706055,SANB11,-0.022353,-0.022607
545,2021-08-11,40.060001373291016,SANB11,0.006533,0.006511
546,2021-08-12,39.84000015258789,SANB11,-0.005492,-0.005507
547,2021-08-13,40.77000045776367,SANB11,0.023343,0.023075
548,2021-08-16,40.650001525878906,SANB11,-0.002943,-0.002948
549,2021-08-17,40.400001525878906,SANB11,-0.00615,-0.006169
550,2021-08-18,40.08000183105469,SANB11,-0.007921,-0.007952
551,2021-08-19,40.209999084472656,SANB11,0.003243,0.003238
552,2021-08-20,40.209999084472656,SANB11,0.0,0.0
553,2021-08-23,40.75,SANB11,0.01343,0.01334
554,2021-08-24,41.400001525878906,SANB11,0.015951,0.015825
555,2021-08-25,41.560001373291016,SANB11,0.003865,0.003857
556,2021-08-26,41.099998474121094,SANB11,-0.011068,-0.01113
557,2021-08-27,41.63999938964844,SANB11,0.013139,0.013053
558,2021-08-30,41.290000915527344,SANB11,-0.008405,-0.008441
559,2021-08-31,41.939998626708984,SANB11,0.015742,0.01562
560,2021-09-01,41.65999984741211,SANB11,-0.006676,-0.006699
561,2021-09-02,39.47999954223633,SANB11,-0.052328,-0.053747
562,2021-09-03,38.560001373291016,SANB11,-0.023303,-0.023579
563,2021-09-06,39.16999816894531,SANB11,0.015819,0.015696
564,2021-09-08,37.22999954223633,SANB11,-0.049528,-0.050796
565,2021-09-09,37.43000030517578,SANB11,0.005372,0.005358
566,2021-09-10,36.83000183105469,SANB11,-0.01603,-0.01616
567,2021-09-13,37.150001525878906,SANB11,0.008689,0.008651
568,2021-09-14,36.91999816894531,SANB11,-0.006191,-0.00621
569,2021-09-15,36.15999984741211,SANB11,-0.020585,-0.0208
570,2021-09-16,36.5099983215332,SANB11,0.009679,0.009633
571,2021-09-17,35.70000076293945,SANB11,-0.022186,-0.022435
572,2021-09-20,34.65999984741211,SANB11,-0.029132,-0.029564
573,2021-09-21,34.56999969482422,SANB11,-0.002597,-0.0026
574,2021-09-22,35.11000061035156,SANB11,0.015621,0.0155
575,2021-09-23,36.16999816894531,SANB11,0.030191,0.029744
576,2021-09-24,35.15999984741211,SANB11,-0.027924,-0.028321
577,2021-09-27,36.4900016784668,SANB11,0.037827,0.037129
578,2021-09-28,36.029998779296875,SANB11,-0.012606,-0.012686
579,2021-09-29,36.43000030517578,SANB11,0.011102,0.011041
580,2021-09-30,35.369998931884766,SANB11,-0.029097,-0.029529
581,2021-10-01,36.790000915527344,SANB11,0.040147,0.039362
582,2021-10-04,35.689998626708984,SANB11,-0.029899,-0.030356
583,2021-10-05,36.709999084472656,SANB11,0.028579,0.028179
584,2021-10-06,36.84000015258789,SANB11,0.003541,0.003535
585,2021-10-07,36.29999923706055,SANB11,-0.014658,-0.014766
586,2021-10-08,37.04999923706055,SANB11,0.020661,0.020451
587,2021-10-11,35.900001525878906,SANB11,-0.031039,-0.031531
588,2021-10-13,35.90999984741211,SANB11,0.000279,0.000278
589,2021-10-14,36.11000061035156,SANB11,0.00557,0.005554
590,2021-10-15,37.54999923706055,SANB11,0.039878,0.039104
591,2021-10-18,36.5,SANB11,-0.027963,-0.028361
592,2021-10-19,34.93000030517578,SANB11,-0.043014,-0.043966
593,2021-10-20,36.09000015258789,SANB11,0.033209,0.03267
594,2021-10-21,35.45000076293945,SANB11,-0.017733,-0.017893
595,2021-10-22,34.720001220703125,SANB11,-0.020592,-0.020807
596,2021-10-25,35.75,SANB11,0.029666,0.029234
597,2021-10-26,35.06999969482422,SANB11,-0.019021,-0.019204
598,2021-10-27,35.060001373291016,SANB11,-0.000285,-0.000285
599,2021-10-28,35.060001373291016,SANB11,0.0,0.0
600,2021-10-29,34.400001525878906,SANB11,-0.018825,-0.019004
601,2021-11-01,35.959999084472656,SANB11,0.045349,0.044351
602,2021-11-03,36.29999923706055,SANB11,0.009455,0.009411
603,2021-11-04,34.79999923706055,SANB11,-0.041322,-0.0422
604,2021-11-05,34.380001068115234,SANB11,-0.012069,-0.012142
605,2021-11-08,34.25,SANB11,-0.003781,-0.003788
606,2021-11-09,33.72999954223633,SANB11,-0.015182,-0.015299
607,2021-11-10,34.849998474121094,SANB11,0.033205,0.032665
608,2021-11-11,34.66999816894531,SANB11,-0.005165,-0.005178
609,2021-11-12,35.0,SANB11,0.009518,0.009473
610,2021-11-16,34.2599983215332,SANB11,-0.021143,-0.02137
611,2021-11-17,34.400001525878906,SANB11,0.004086,0.004078
612,2021-11-18,34.36000061035156,SANB11,-0.001163,-0.001163
613,2021-11-19,34.150001525878906,SANB11,-0.006112,-0.00613
614,2021-11-22,34.0,SANB11,-0.004392,-0.004402
615,2021-11-23,34.209999084472656,SANB11,0.006176,0.006157
616,2021-11-24,34.900001525878906,SANB11,0.02017,0.019969
617,2021-11-25,35.47999954223633,SANB11,0.016619,0.016482
618,2021-11-26,34.04999923706055,SANB11,-0.040304,-0.041139
619,2021-11-29,33.95000076293945,SANB11,-0.002937,-0.002941
620,2021-11-30,32.939998626708984,SANB11,-0.02975,-0.030201
621,2021-12-01,32.54999923706055,SANB11,-0.01184,-0.01191
622,2021-12-02,33.5099983215332,SANB11,0.029493,0.029067
623,2021-12-03,33.45000076293945,SANB11,-0.00179,-0.001792
624,2021-12-06,33.880001068115234,SANB11,0.012855,0.012773
625,2021-12-07,33.119998931884766,SANB11,-0.022432,-0.022688
626,2021-12-08,33.040000915527344,SANB11,-0.002415,-0.002418
627,2021-12-09,32.0,SANB11,-0.031477,-0.031983
628,2021-12-10,31.81999969482422,SANB11,-0.005625,-0.005641
629,2021-12-13,31.899999618530273,SANB11,0.002514,0.002511
630,2021-12-14,31.610000610351562,SANB11,-0.009091,-0.009132
631,2021-12-15,31.979999542236328,SANB11,0.011705,0.011637
632,2021-12-16,32.189998626708984,SANB11,0.006567,0.006545
633,2021-12-17,31.540000915527344,SANB11,-0.020193,-0.020399
634,2021-12-20,30.5,SANB11,-0.032974,-0.03353
635,2021-12-21,30.5,SANB11,0.0,0.0
636,2021-12-22,30.309999465942383,SANB11,-0.00623,-0.006249
637,2021-12-23,30.469999313354492,SANB11,0.005279,0.005265
638,2021-12-27,30.760000228881836,SANB11,0.009518,0.009473
639,2021-12-28,30.799999237060547,SANB11,0.0013,0.0013
640,2021-12-29,30.399999618530273,SANB11,-0.012987,-0.013072
641,2021-12-30,30.139999389648438,SANB11,-0.008553,-0.008589
642,2022-01-03,30.59000015258789,SANB11,0.01493,0.01482
643,2022-01-04,31.030000686645508,SANB11,0.014384,0.014281
644,2022-01-05,30.790000915527344,SANB11,-0.007734,-0.007765
645,2022-01-06,31.040000915527344,SANB11,0.00812,0.008087
646,2022-01-07,31.139999389648438,SANB11,0.003222,0.003216
647,2022-01-10,31.690000534057617,SANB11,0.017662,0.017508
648,2022-01-11,31.299999237060547,SANB11,-0.012307,-0.012383
649,2022-01-12,30.600000381469727,SANB11,-0.022364,-0.022618
650,2022-01-13,31.709999084472656,SANB11,0.036274,0.035632
651,2022-01-14,31.700000762939453,SANB11,-0.000315,-0.000315
652,2022-01-17,31.739999771118164,SANB11,0.001262,0.001261
653,2022-01-18,31.559999465942383,SANB11,-0.005671,-0.005687
654,2022-01-19,31.799999237060547,SANB11,0.007605,0.007576
655,2022-01-20,31.18000030517578,SANB11,-0.019497,-0.019689
656,2022-01-21,31.399999618530273,SANB11,0.007056,0.007031
657,2022-01-24,31.100000381469727,SANB11,-0.009554,-0.0096
658,2022-01-25,32.900001525878906,SANB11,0.057878,0.056265
659,2022-01-26,33.08000183105469,SANB11,0.005471,0.005456
660,2022-01-27,33.88999938964844,SANB11,0.024486,0.024191
661,2022-01-28,33.0,SANB11,-0.026261,-0.026612
662,2022-01-31,33.099998474121094,SANB11,0.00303,0.003026
663,2022-02-01,32.79999923706055,SANB11,-0.009063,-0.009105
664,2022-02-02,31.889999389648438,SANB11,-0.027744,-0.028136
665,2022-02-03,32.040000915527344,SANB11,0.004704,0.004693
666,2022-02-04,32.2400016784668,SANB11,0.006242,0.006223
667,2022-02-07,32.4900016784668,SANB11,0.007754,0.007724
668,2022-02-08,32.41999816894531,SANB11,-0.002155,-0.002157
669,2022-02-09,31.68000030517578,SANB11,-0.022825,-0.02309
670,2022-02-10,32.279998779296875,SANB11,0.018939,0.018762
671,2022-02-11,31.829999923706055,SANB11,-0.01394,-0.014039
672,2022-02-14,32.040000915527344,SANB11,0.006598,0.006576
673,2022-02-15,32.099998474121094,SANB11,0.001873,0.001871
674,2022-02-16,32.52000045776367,SANB11,0.013084,0.012999
675,2022-02-17,31.8700008392334,SANB11,-0.019988,-0.02019
676,2022-02-18,32.06999969482422,SANB11,0.006275,0.006256
677,2022-02-21,31.56999969482422,SANB11,-0.015591,-0.015714
678,2022-02-22,31.719999313354492,SANB11,0.004751,0.00474
679,2022-02-23,31.530000686645508,SANB11,-0.00599,-0.006008
680,2022-02-24,30.260000228881836,SANB11,-0.040279,-0.041113
681,2022-02-25,30.649999618530273,SANB11,0.012888,0.012806
682,2022-03-02,30.81999969482422,SANB11,0.005546,0.005531
683,2022-03-03,31.139999389648438,SANB11,0.010383,0.010329
684,2022-03-04,30.31999969482422,SANB11,-0.026333,-0.026686
685,2022-03-07,29.59000015258789,SANB11,-0.024077,-0.024371
686,2022-03-08,29.719999313354492,SANB11,0.004393,0.004384
687,2022-03-09,32.11000061035156,SANB11,0.080417,0.077347
688,2022-03-10,32.0099983215332,SANB11,-0.003114,-0.003119
689,2022-03-11,32.36000061035156,SANB11,0.010934,0.010875
690,2022-03-14,33.7400016784668,SANB11,0.042645,0.041761
691,2022-03-15,33.290000915527344,SANB11,-0.013337,-0.013427
692,2022-03-16,34.150001525878906,SANB11,0.025834,0.025506
693,2022-03-17,34.75,SANB11,0.01757,0.017417
694,2022-03-18,34.97999954223633,SANB11,0.006619,0.006597
695,2022-03-21,35.91999816894531,SANB11,0.026872,0.026518
696,2022-03-22,36.150001525878906,SANB11,0.006403,0.006383
697,2022-03-23,36.16999816894531,SANB11,0.000553,0.000553
698,2022-03-24,35.86000061035156,SANB11,-0.008571,-0.008608
699,2022-03-25,36.900001525878906,SANB11,0.029002,0.028589
700,2022-03-28,36.33000183105469,SANB11,-0.015447,-0.015568
701,2022-03-29,36.40999984741211,SANB11,0.002202,0.0022
702,2022-03-30,36.779998779296875,SANB11,0.010162,0.010111
703,2022-03-31,36.25,SANB11,-0.01441,-0.014515
704,2022-04-01,36.88999938964844,SANB11,0.017655,0.017501
705,2022-04-04,36.209999084472656,SANB11,-0.018433,-0.018605
706,2022-04-05,35.38999938964844,SANB11,-0.022646,-0.022906
707,2022-04-06,35.4900016784668,SANB11,0.002826,0.002822
708,2022-04-07,36.150001525878906,SANB11,0.018597,0.018426
709,2022-04-08,35.77000045776367,SANB11,-0.010512,-0.010567
710,2022-04-11,35.560001373291016,SANB11,-0.005871,-0.005888
711,2022-04-12,35.09000015258789,SANB11,-0.013217,-0.013305
712,2022-04-13,35.06999969482422,SANB11,-0.00057,-0.00057
713,2022-04-14,34.900001525878906,SANB11,-0.004847,-0.004859
714,2021-05-04,29.3700008392334,BBAS3,-0.012773,-0.012855
715,2021-05-05,29.260000228881836,BBAS3,-0.003745,-0.003752
716,2021-05-06,29.209999084472656,BBAS3,-0.001709,-0.00171
717,2021-05-07,29.940000534057617,BBAS3,0.024991,0.024684
718,2021-05-10,30.329999923706055,BBAS3,0.013026,0.012942
719,2021-05-11,30.549999237060547,BBAS3,0.007254,0.007227
720,2021-05-12,30.350000381469727,BBAS3,-0.006547,-0.006568
721,2021-05-13,31.15999984741211,BBAS3,0.026689,0.026339
722,2021-05-14,31.15999984741211,BBAS3,0.0,0.0
723,2021-05-17,31.709999084472656,BBAS3,0.017651,0.017497
724,2021-05-18,32.150001525878906,BBAS3,0.013876,0.01378
725,2021-05-19,32.70000076293945,BBAS3,0.017107,0.016963
726,2021-05-20,32.79999923706055,BBAS3,0.003058,0.003053
727,2021-05-21,33.08000183105469,BBAS3,0.008537,0.0085
728,2021-05-24,32.880001068115234,BBAS3,-0.006046,-0.006064
729,2021-05-25,32.439998626708984,BBAS3,-0.013382,-0.013472
730,2021-05-26,32.97999954223633,BBAS3,0.016646,0.016509
731,2021-05-27,33.43000030517578,BBAS3,0.013645,0.013552
732,2021-05-28,33.540000915527344,BBAS3,0.00329,0.003285
733,2021-05-31,33.4900016784668,BBAS3,-0.001491,-0.001492
734,2021-06-01,33.97999954223633,BBAS3,0.014631,0.014525
735,2021-06-02,35.20000076293945,BBAS3,0.035904,0.035274
736,2021-06-04,35.75,BBAS3,0.015625,0.015504
737,2021-06-07,36.52000045776367,BBAS3,0.021538,0.02131
738,2021-06-08,36.29999923706055,BBAS3,-0.006024,-0.006042
739,2021-06-09,35.599998474121094,BBAS3,-0.019284,-0.019472
740,2021-06-10,35.5,BBAS3,-0.002809,-0.002813
741,2021-06-11,35.400001525878906,BBAS3,-0.002817,-0.002821
742,2021-06-14,35.619998931884766,BBAS3,0.006215,0.006195
743,2021-06-15,35.5,BBAS3,-0.003369,-0.003375
744,2021-06-16,35.75,BBAS3,0.007042,0.007018
745,2021-06-17,34.900001525878906,BBAS3,-0.023776,-0.024063
746,2021-06-18,34.849998474121094,BBAS3,-0.001433,-0.001434
747,2021-06-21,34.58000183105469,BBAS3,-0.007747,-0.007778
748,2021-06-22,33.849998474121094,BBAS3,-0.021111,-0.021337
749,2021-06-23,33.849998474121094,BBAS3,0.0,0.0
750,2021-06-24,33.91999816894531,BBAS3,0.002068,0.002066
751,2021-06-25,32.900001525878906,BBAS3,-0.030071,-0.030532
752,2021-06-28,32.650001525878906,BBAS3,-0.007599,-0.007628
753,2021-06-29,32.43000030517578,BBAS3,-0.006738,-0.006761
754,2021-06-30,32.130001068115234,BBAS3,-0.009251,-0.009294
755,2021-07-01,31.790000915527344,BBAS3,-0.010582,-0.010638
756,2021-07-02,32.13999938964844,BBAS3,0.01101,0.01095
757,2021-07-05,31.940000534057617,BBAS3,-0.006223,-0.006242
758,2021-07-06,31.459999084472656,BBAS3,-0.015028,-0.015142
759,2021-07-07,31.8799991607666,BBAS3,0.01335,0.013262
760,2021-07-08,31.790000915527344,BBAS3,-0.002823,-0.002827
761,2021-07-12,32.599998474121094,BBAS3,0.02548,0.02516
762,2021-07-13,32.459999084472656,BBAS3,-0.004294,-0.004304
763,2021-07-14,32.68000030517578,BBAS3,0.006778,0.006755
764,2021-07-15,32.18000030517578,BBAS3,-0.0153,-0.015418
765,2021-07-16,31.790000915527344,BBAS3,-0.012119,-0.012193
766,2021-07-19,31.549999237060547,BBAS3,-0.00755,-0.007578
767,2021-07-20,32.11000061035156,BBAS3,0.01775,0.017594
768,2021-07-21,32.43000030517578,BBAS3,0.009966,0.009916
769,2021-07-22,31.950000762939453,BBAS3,-0.014801,-0.014912
770,2021-07-23,31.780000686645508,BBAS3,-0.005321,-0.005335
771,2021-07-26,32.27000045776367,BBAS3,0.015418,0.015301
772,2021-07-27,32.41999816894531,BBAS3,0.004648,0.004637
773,2021-07-28,32.900001525878906,BBAS3,0.014806,0.014697
774,2021-07-29,32.380001068115234,BBAS3,-0.015805,-0.015932
775,2021-07-30,31.6299991607666,BBAS3,-0.023163,-0.023435
776,2021-08-02,32.060001373291016,BBAS3,0.013595,0.013503
777,2021-08-03,31.8799991607666,BBAS3,-0.005615,-0.00563
778,2021-08-04,31.40999984741211,BBAS3,-0.014743,-0.014853
779,2021-08-05,30.850000381469727,BBAS3,-0.017829,-0.01799
780,2021-08-06,31.790000915527344,BBAS3,0.03047,0.030015
781,2021-08-09,31.5,BBAS3,-0.009122,-0.009164
782,2021-08-10,30.700000762939453,BBAS3,-0.025397,-0.025725
783,2021-08-11,30.399999618530273,BBAS3,-0.009772,-0.00982
784,2021-08-12,29.739999771118164,BBAS3,-0.021711,-0.02195
785,2021-08-13,29.5,BBAS3,-0.00807,-0.008103
786,2021-08-16,29.450000762939453,BBAS3,-0.001695,-0.001696
787,2021-08-17,29.329999923706055,BBAS3,-0.004075,-0.004083
788,2021-08-18,29.469999313354492,BBAS3,0.004773,0.004762
789,2021-08-19,29.670000076293945,BBAS3,0.006787,0.006764
790,2021-08-20,29.709999084472656,BBAS3,0.001348,0.001347
791,2021-08-23,29.979999542236328,BBAS3,0.009088,0.009047
792,2021-08-24,30.600000381469727,BBAS3,0.02068,0.02047
793,2021-08-25,30.5,BBAS3,-0.003268,-0.003273
794,2021-08-26,30.06999969482422,BBAS3,-0.014098,-0.014199
795,2021-08-27,30.530000686645508,BBAS3,0.015298,0.015182
796,2021-08-30,30.239999771118164,BBAS3,-0.009499,-0.009544
797,2021-08-31,30.43000030517578,BBAS3,0.006283,0.006263
798,2021-09-01,30.459999084472656,BBAS3,0.000986,0.000985
799,2021-09-02,29.200000762939453,BBAS3,-0.041366,-0.042246
800,2021-09-03,29.1299991607666,BBAS3,-0.002397,-0.0024
801,2021-09-06,29.649999618530273,BBAS3,0.017851,0.017694
802,2021-09-08,28.399999618530273,BBAS3,-0.042159,-0.043073
803,2021-09-09,28.899999618530273,BBAS3,0.017606,0.017452
804,2021-09-10,28.989999771118164,BBAS3,0.003114,0.003109
805,2021-09-13,29.6299991607666,BBAS3,0.022077,0.021836
806,2021-09-14,29.229999542236328,BBAS3,-0.0135,-0.013592
807,2021-09-15,29.0,BBAS3,-0.007869,-0.0079
808,2021-09-16,29.469999313354492,BBAS3,0.016207,0.016077
809,2021-09-17,28.940000534057617,BBAS3,-0.017984,-0.018148
810,2021-09-20,28.0,BBAS3,-0.032481,-0.03302
811,2021-09-21,28.709999084472656,BBAS3,0.025357,0.025041
812,2021-09-22,29.3799991607666,BBAS3,0.023337,0.023069
813,2021-09-23,29.450000762939453,BBAS3,0.002383,0.00238
814,2021-09-24,29.219999313354492,BBAS3,-0.00781,-0.007841
815,2021-09-27,29.8700008392334,BBAS3,0.022245,0.022001
816,2021-09-28,29.260000228881836,BBAS3,-0.020422,-0.020633
817,2021-09-29,29.420000076293945,BBAS3,0.005468,0.005453
818,2021-09-30,28.899999618530273,BBAS3,-0.017675,-0.017833
819,2021-10-01,29.549999237060547,BBAS3,0.022491,0.022242
820,2021-10-04,29.200000762939453,BBAS3,-0.011844,-0.011915
821,2021-10-05,30.59000015258789,BBAS3,0.047603,0.046504
822,2021-10-06,30.639999389648438,BBAS3,0.001634,0.001633
823,2021-10-07,30.31999969482422,BBAS3,-0.010444,-0.010499
824,2021-10-08,30.959999084472656,BBAS3,0.021108,0.020888
825,2021-10-11,30.719999313354492,BBAS3,-0.007752,-0.007782
826,2021-10-13,30.760000228881836,BBAS3,0.001302,0.001301
827,2021-10-14,30.610000610351562,BBAS3,-0.004876,-0.004888
828,2021-10-15,31.579999923706055,BBAS3,0.031689,0.031197
829,2021-10-18,32.209999084472656,BBAS3,0.019949,0.019753
830,2021-10-19,30.6299991607666,BBAS3,-0.049053,-0.050297
831,2021-10-20,31.200000762939453,BBAS3,0.018609,0.018438
832,2021-10-21,29.81999969482422,BBAS3,-0.044231,-0.045239
833,2021-10-22,28.90999984741211,BBAS3,-0.030516,-0.030992
834,2021-10-25,29.510000228881836,BBAS3,0.020754,0.020542
835,2021-10-26,29.200000762939453,BBAS3,-0.010505,-0.01056
836,2021-10-27,29.170000076293945,BBAS3,-0.001027,-0.001028
837,2021-10-28,28.90999984741211,BBAS3,-0.008913,-0.008953
838,2021-10-29,28.5,BBAS3,-0.014182,-0.014283
839,2021-11-01,29.149999618530273,BBAS3,0.022807,0.022551
840,2021-11-03,29.34000015258789,BBAS3,0.006518,0.006497
841,2021-11-04,28.649999618530273,BBAS3,-0.023517,-0.023798
842,2021-11-05,29.290000915527344,BBAS3,0.022339,0.022093
843,2021-11-08,29.479999542236328,BBAS3,0.006487,0.006466
844,2021-11-09,29.440000534057617,BBAS3,-0.001357,-0.001358
845,2021-11-10,30.790000915527344,BBAS3,0.045856,0.044836
846,2021-11-11,30.200000762939453,BBAS3,-0.019162,-0.019348
847,2021-11-12,30.149999618530273,BBAS3,-0.001656,-0.001657
848,2021-11-16,29.729999542236328,BBAS3,-0.01393,-0.014028
849,2021-11-17,29.309999465942383,BBAS3,-0.014127,-0.014228
850,2021-11-18,29.09000015258789,BBAS3,-0.007506,-0.007534
851,2021-11-19,29.049999237060547,BBAS3,-0.001375,-0.001376
852,2021-11-22,28.889999389648438,BBAS3,-0.005508,-0.005523
853,2021-11-23,29.690000534057617,BBAS3,0.027691,0.027315
854,2021-11-24,30.239999771118164,BBAS3,0.018525,0.018355
855,2021-11-25,31.809999465942383,BBAS3,0.051918,0.050615
856,2021-11-26,30.760000228881836,BBAS3,-0.033008,-0.033566
857,2021-11-29,30.809999465942383,BBAS3,0.001625,0.001624
858,2021-11-30,31.84000015258789,BBAS3,0.033431,0.032884
859,2021-12-01,31.299999237060547,BBAS3,-0.01696,-0.017105
860,2021-12-02,32.15999984741211,BBAS3,0.027476,0.027105
861,2021-12-03,32.20000076293945,BBAS3,0.001244,0.001243
862,2021-12-06,33.06999969482422,BBAS3,0.027019,0.02666
863,2021-12-07,32.599998474121094,BBAS3,-0.014212,-0.014314
864,2021-12-08,32.75,BBAS3,0.004601,0.004591
865,2021-12-09,32.02000045776367,BBAS3,-0.02229,-0.022542
866,2021-12-10,32.5,BBAS3,0.014991,0.014879
867,2021-12-13,32.22999954223633,BBAS3,-0.008308,-0.008342
868,2021-12-14,32.060001373291016,BBAS3,-0.005275,-0.005288
869,2021-12-15,31.510000228881836,BBAS3,-0.017155,-0.017304
870,2021-12-16,31.40999984741211,BBAS3,-0.003174,-0.003179
871,2021-12-17,30.329999923706055,BBAS3,-0.034384,-0.034989
872,2021-12-20,29.420000076293945,BBAS3,-0.030003,-0.030463
873,2021-12-21,29.5,BBAS3,0.002719,0.002716
874,2021-12-22,29.329999923706055,BBAS3,-0.005763,-0.005779
875,2021-12-23,29.219999313354492,BBAS3,-0.00375,-0.003757
876,2021-12-27,29.280000686645508,BBAS3,0.002053,0.002051
877,2021-12-28,29.110000610351562,BBAS3,-0.005806,-0.005823
878,2021-12-29,28.959999084472656,BBAS3,-0.005153,-0.005166
879,2021-12-30,28.850000381469727,BBAS3,-0.003798,-0.003806
880,2022-01-03,28.81999969482422,BBAS3,-0.00104,-0.00104
881,2022-01-04,28.850000381469727,BBAS3,0.001041,0.00104
882,2022-01-05,28.3700008392334,BBAS3,-0.016638,-0.016778
883,2022-01-06,28.600000381469727,BBAS3,0.008107,0.008074
884,2022-01-07,28.6299991607666,BBAS3,0.001049,0.001048
885,2022-01-10,28.780000686645508,BBAS3,0.005239,0.005226
886,2022-01-11,28.899999618530273,BBAS3,0.00417,0.004161
887,2022-01-12,29.18000030517578,BBAS3,0.009689,0.009642
888,2022-01-13,29.649999618530273,BBAS3,0.016107,0.015979
889,2022-01-14,30.40999984741211,BBAS3,0.025632,0.025309
890,2022-01-17,30.469999313354492,BBAS3,0.001973,0.001971
891,2022-01-18,30.739999771118164,BBAS3,0.008861,0.008822
892,2022-01-19,31.010000228881836,BBAS3,0.008783,0.008745
893,2022-01-20,31.200000762939453,BBAS3,0.006127,0.006108
894,2022-01-21,31.200000762939453,BBAS3,0.0,0.0
895,2022-01-24,31.350000381469727,BBAS3,0.004808,0.004796
896,2022-01-25,32.15999984741211,BBAS3,0.025837,0.025509
897,2022-01-26,31.850000381469727,BBAS3,-0.009639,-0.009686
898,2022-01-27,32.290000915527344,BBAS3,0.013815,0.01372
899,2022-01-28,32.4900016784668,BBAS3,0.006194,0.006175
900,2022-01-31,32.65999984741211,BBAS3,0.005232,0.005219
901,2022-02-01,32.61000061035156,BBAS3,-0.001531,-0.001532
902,2022-02-02,32.06999969482422,BBAS3,-0.016559,-0.016698
903,2022-02-03,32.290000915527344,BBAS3,0.00686,0.006837
904,2022-02-04,32.22999954223633,BBAS3,-0.001858,-0.00186
905,2022-02-07,31.860000610351562,BBAS3,-0.01148,-0.011546
906,2022-02-08,32.20000076293945,BBAS3,0.010672,0.010615
907,2022-02-09,31.920000076293945,BBAS3,-0.008696,-0.008734
908,2022-02-10,32.27000045776367,BBAS3,0.010965,0.010905
909,2022-02-11,33.400001525878906,BBAS3,0.035017,0.034418
910,2022-02-14,33.540000915527344,BBAS3,0.004192,0.004183
911,2022-02-15,35.130001068115234,BBAS3,0.047406,0.046317
912,2022-02-16,35.33000183105469,BBAS3,0.005693,0.005677
913,2022-02-17,35.33000183105469,BBAS3,0.0,0.0
914,2022-02-18,36.04999923706055,BBAS3,0.020379,0.020174
915,2022-02-21,35.279998779296875,BBAS3,-0.021359,-0.021591
916,2022-02-22,35.61000061035156,BBAS3,0.009354,0.00931
917,2022-02-23,35.790000915527344,BBAS3,0.005055,0.005042
918,2022-02-24,34.650001525878906,BBAS3,-0.031852,-0.032371
919,2022-02-25,35.209999084472656,BBAS3,0.016162,0.016032
920,2022-03-02,35.599998474121094,BBAS3,0.011076,0.011015
921,2022-03-03,34.77000045776367,BBAS3,-0.023315,-0.023591
922,2022-03-04,33.900001525878906,BBAS3,-0.025022,-0.02534
923,2022-03-07,32.45000076293945,BBAS3,-0.042773,-0.043715
924,2022-03-08,32.70000076293945,BBAS3,0.007704,0.007675
925,2022-03-09,34.54999923706055,BBAS3,0.056575,0.055032
926,2022-03-10,34.099998474121094,BBAS3,-0.013025,-0.01311
927,2022-03-11,33.41999816894531,BBAS3,-0.019941,-0.020143
928,2022-03-14,33.630001068115234,BBAS3,0.006284,0.006264
929,2022-03-15,33.040000915527344,BBAS3,-0.017544,-0.0177
930,2022-03-16,33.47999954223633,BBAS3,0.013317,0.013229
931,2022-03-17,33.790000915527344,BBAS3,0.009259,0.009217
932,2022-03-18,33.720001220703125,BBAS3,-0.002072,-0.002074
933,2022-03-21,34.40999984741211,BBAS3,0.020463,0.020256
934,2022-03-22,35.099998474121094,BBAS3,0.020052,0.019854
935,2022-03-23,34.91999816894531,BBAS3,-0.005128,-0.005141
936,2022-03-24,35.31999969482422,BBAS3,0.011455,0.01139
937,2022-03-25,35.29999923706055,BBAS3,-0.000566,-0.000566
938,2022-03-28,34.959999084472656,BBAS3,-0.009632,-0.009678
939,2022-03-29,35.11000061035156,BBAS3,0.004291,0.004281
940,2022-03-30,34.900001525878906,BBAS3,-0.005981,-0.005999
941,2022-03-31,34.70000076293945,BBAS3,-0.005731,-0.005747
942,2022-04-01,34.68000030517578,BBAS3,-0.000576,-0.000577
943,2022-04-04,34.36000061035156,BBAS3,-0.009227,-0.00927
944,2022-04-05,33.45000076293945,BBAS3,-0.026484,-0.026841
945,2022-04-06,33.619998931884766,BBAS3,0.005082,0.005069
946,2022-04-07,34.2400016784668,BBAS3,0.018441,0.018274
947,2022-04-08,34.849998474121094,BBAS3,0.017815,0.017658
948,2022-04-11,35.06999969482422,BBAS3,0.006313,0.006293
949,2022-04-12,35.0,BBAS3,-0.001996,-0.001998
950,2022-04-13,35.16999816894531,BBAS3,0.004857,0.004845
951,2022-04-14,35.20000076293945,BBAS3,0.000853,0.000853
952,2021-05-04,21.636362075805664,BBDC4,-0.030945,-0.031434
953,2021-05-05,21.672727584838867,BBDC4,0.001681,0.001679
954,2021-05-06,21.781818389892578,BBDC4,0.005034,0.005021
955,2021-05-07,21.872726440429688,BBDC4,0.004174,0.004165
956,2021-05-10,22.399999618530273,BBDC4,0.024106,0.02382
957,2021-05-11,22.363636016845703,BBDC4,-0.001623,-0.001625
958,2021-05-12,21.909090042114258,BBDC4,-0.020325,-0.020535
959,2021-05-13,22.418180465698242,BBDC4,0.023236,0.022971
960,2021-05-14,22.62727165222168,BBDC4,0.009327,0.009284
961,2021-05-17,22.727272033691406,BBDC4,0.004419,0.00441
962,2021-05-18,23.09090805053711,BBDC4,0.016,0.015873
963,2021-05-19,23.245454788208008,BBDC4,0.006693,0.006671
964,2021-05-20,23.46363639831543,BBDC4,0.009386,0.009342
965,2021-05-21,23.57272720336914,BBDC4,0.004649,0.004639
966,2021-05-24,23.509090423583984,BBDC4,-0.0027,-0.002703
967,2021-05-25,23.39090919494629,BBDC4,-0.005027,-0.00504
968,2021-05-26,23.92727279663086,BBDC4,0.02293,0.022671
969,2021-05-27,24.07272720336914,BBDC4,0.006079,0.006061
970,2021-05-28,24.12727165222168,BBDC4,0.002266,0.002263
971,2021-05-31,24.07272720336914,BBDC4,-0.002261,-0.002263
972,2021-06-01,24.618181228637695,BBDC4,0.022659,0.022406
973,2021-06-02,25.563636779785156,BBDC4,0.038405,0.037686
974,2021-06-04,25.53636360168457,BBDC4,-0.001067,-0.001067
975,2021-06-07,25.85454559326172,BBDC4,0.01246,0.012383
976,2021-06-08,25.672727584838867,BBDC4,-0.007032,-0.007057
977,2021-06-09,25.545454025268555,BBDC4,-0.004958,-0.00497
978,2021-06-10,25.59090805053711,BBDC4,0.001779,0.001778
979,2021-06-11,25.490909576416016,BBDC4,-0.003908,-0.003915
980,2021-06-14,25.381818771362305,BBDC4,-0.00428,-0.004289
981,2021-06-15,25.399999618530273,BBDC4,0.000716,0.000716
982,2021-06-16,25.527271270751953,BBDC4,0.005011,0.004998
983,2021-06-17,25.418180465698242,BBDC4,-0.004274,-0.004283
984,2021-06-18,25.09090805053711,BBDC4,-0.012876,-0.012959
985,2021-06-21,25.154544830322266,BBDC4,0.002536,0.002533
986,2021-06-22,24.690908432006836,BBDC4,-0.018432,-0.018603
987,2021-06-23,24.581817626953125,BBDC4,-0.004418,-0.004428
988,2021-06-24,24.763635635375977,BBDC4,0.007396,0.007369
989,2021-06-25,23.990909576416016,BBDC4,-0.031204,-0.031701
990,2021-06-28,23.872726440429688,BBDC4,-0.004926,-0.004938
991,2021-06-29,23.727272033691406,BBDC4,-0.006093,-0.006112
992,2021-06-30,23.39090919494629,BBDC4,-0.014176,-0.014278
993,2021-07-01,23.100000381469727,BBDC4,-0.012437,-0.012515
994,2021-07-02,23.636362075805664,BBDC4,0.023219,0.022954
995,2021-07-05,22.73636245727539,BBDC4,-0.038077,-0.038821
996,2021-07-06,22.454544067382812,BBDC4,-0.012395,-0.012473
997,2021-07-07,22.618181228637695,BBDC4,0.007287,0.007261
998,2021-07-08,22.35454559326172,BBDC4,-0.011656,-0.011724
999,2021-07-12,22.918180465698242,BBDC4,0.025213,0.024901
1000,2021-07-13,22.899999618530273,BBDC4,-0.000793,-0.000794
1001,2021-07-14,23.0,BBDC4,0.004367,0.004357
1002,2021-07-15,22.654544830322266,BBDC4,-0.01502,-0.015134
1003,2021-07-16,22.654544830322266,BBDC4,0.0,0.0
1004,2021-07-19,21.827272415161133,BBDC4,-0.036517,-0.0372
1005,2021-07-20,22.16363525390625,BBDC4,0.01541,0.015293
1006,2021-07-21,22.172727584838867,BBDC4,0.00041,0.00041
1007,2021-07-22,22.0,BBDC4,-0.00779,-0.007821
1008,2021-07-23,21.77272605895996,BBDC4,-0.010331,-0.010384
1009,2021-07-26,21.954544067382812,BBDC4,0.008351,0.008316
1010,2021-07-27,22.12727165222168,BBDC4,0.007868,0.007837
1011,2021-07-28,22.64545440673828,BBDC4,0.023418,0.023148
1012,2021-07-29,22.42727279663086,BBDC4,-0.009635,-0.009681
1013,2021-07-30,22.045454025268555,BBDC4,-0.017025,-0.017171
1014,2021-08-02,22.18181800842285,BBDC4,0.006186,0.006167
1015,2021-08-03,22.290908813476562,BBDC4,0.004918,0.004906
1016,2021-08-04,21.409090042114258,BBDC4,-0.03956,-0.040363
1017,2021-08-05,21.09090805053711,BBDC4,-0.014862,-0.014974
1018,2021-08-06,21.55454444885254,BBDC4,0.021983,0.021745
1019,2021-08-09,21.545454025268555,BBDC4,-0.000422,-0.000422
1020,2021-08-10,21.23636245727539,BBDC4,-0.014346,-0.01445
1021,2021-08-11,21.318180084228516,BBDC4,0.003853,0.003845
1022,2021-08-12,21.01818084716797,BBDC4,-0.014072,-0.014172
1023,2021-08-13,21.118181228637695,BBDC4,0.004758,0.004747
1024,2021-08-16,20.945453643798828,BBDC4,-0.008179,-0.008213
1025,2021-08-17,20.863636016845703,BBDC4,-0.003906,-0.003914
1026,2021-08-18,20.727272033691406,BBDC4,-0.006536,-0.006557
1027,2021-08-19,20.68181800842285,BBDC4,-0.002193,-0.002195
1028,2021-08-20,20.563636779785156,BBDC4,-0.005714,-0.005731
1029,2021-08-23,20.709089279174805,BBDC4,0.007073,0.007048
1030,2021-08-24,21.254545211791992,BBDC4,0.026339,0.025998
1031,2021-08-25,21.290908813476562,BBDC4,0.001711,0.001709
1032,2021-08-26,20.881818771362305,BBDC4,-0.019214,-0.019401
1033,2021-08-27,21.154544830322266,BBDC4,0.01306,0.012976
1034,2021-08-30,20.92727279663086,BBDC4,-0.010743,-0.010802
1035,2021-08-31,21.045454025268555,BBDC4,0.005647,0.005631
1036,2021-09-01,21.009090423583984,BBDC4,-0.001728,-0.001729
1037,2021-09-02,20.254545211791992,BBDC4,-0.035915,-0.036576
1038,2021-09-03,20.154544830322266,BBDC4,-0.004937,-0.004949
1039,2021-09-06,20.363636016845703,BBDC4,0.010374,0.010321
1040,2021-09-08,19.190908432006836,BBDC4,-0.057589,-0.059314
1041,2021-09-09,19.27272605895996,BBDC4,0.004263,0.004254
1042,2021-09-10,19.03636360168457,BBDC4,-0.012264,-0.01234
1043,2021-09-13,19.42727279663086,BBDC4,0.020535,0.020327
1044,2021-09-14,19.299999237060547,BBDC4,-0.006551,-0.006573
1045,2021-09-15,19.12727165222168,BBDC4,-0.00895,-0.00899
1046,2021-09-16,18.881818771362305,BBDC4,-0.012833,-0.012916
1047,2021-09-17,18.200000762939453,BBDC4,-0.03611,-0.036778
1048,2021-09-20,17.51818084716797,BBDC4,-0.037463,-0.038182
1049,2021-09-21,17.77272605895996,BBDC4,0.01453,0.014426
1050,2021-09-22,18.03636360168457,BBDC4,0.014834,0.014725
1051,2021-09-23,18.836362838745117,BBDC4,0.044355,0.043399
1052,2021-09-24,18.418180465698242,BBDC4,-0.022201,-0.022451
1053,2021-09-27,18.972726821899414,BBDC4,0.030109,0.029664
1054,2021-09-28,18.57272720336914,BBDC4,-0.021083,-0.021308
1055,2021-09-29,18.909090042114258,BBDC4,0.018111,0.017949
1056,2021-09-30,18.936363220214844,BBDC4,0.001442,0.001441
1057,2021-10-01,19.409090042114258,BBDC4,0.024964,0.024657
1058,2021-10-04,18.8454532623291,BBDC4,-0.02904,-0.02947
1059,2021-10-05,19.16363525390625,BBDC4,0.016884,0.016743
1060,2021-10-06,19.30908966064453,BBDC4,0.00759,0.007561
1061,2021-10-07,18.827272415161133,BBDC4,-0.024953,-0.025269
1062,2021-10-08,18.954544067382812,BBDC4,0.00676,0.006737
1063,2021-10-11,18.60909080505371,BBDC4,-0.018225,-0.018393
1064,2021-10-13,18.55454444885254,BBDC4,-0.002931,-0.002935
1065,2021-10-14,18.381818771362305,BBDC4,-0.009309,-0.009353
1066,2021-10-15,19.3454532623291,BBDC4,0.052423,0.051095
1067,2021-10-18,19.68181800842285,BBDC4,0.017387,0.017238
1068,2021-10-19,19.07272720336914,BBDC4,-0.030947,-0.031436
1069,2021-10-20,19.727272033691406,BBDC4,0.034318,0.033743
1070,2021-10-21,19.318180084228516,BBDC4,-0.020737,-0.020955
1071,2021-10-22,18.59090805053711,BBDC4,-0.037647,-0.038374
1072,2021-10-25,18.872726440429688,BBDC4,0.015159,0.015045
1073,2021-10-26,18.445453643798828,BBDC4,-0.02264,-0.0229
1074,2021-10-27,18.690908432006836,BBDC4,0.013307,0.013219
1075,2021-10-28,18.62727165222168,BBDC4,-0.003405,-0.003411
1076,2021-10-29,18.09090805053711,BBDC4,-0.028795,-0.029217
1077,2021-11-01,18.718181610107422,BBDC4,0.034673,0.034086
1078,2021-11-03,18.545454025268555,BBDC4,-0.009228,-0.009271
1079,2021-11-04,17.318180084228516,BBDC4,-0.066177,-0.068468
1080,2021-11-05,18.172727584838867,BBDC4,0.049344,0.048165
1081,2021-11-08,17.754545211791992,BBDC4,-0.023012,-0.02328
1082,2021-11-09,17.55454444885254,BBDC4,-0.011265,-0.011329
1083,2021-11-10,18.53636360168457,BBDC4,0.05593,0.054422
1084,2021-11-11,18.62727165222168,BBDC4,0.004904,0.004892
1085,2021-11-12,18.80908966064453,BBDC4,0.009761,0.009714
1086,2021-11-16,18.781818389892578,BBDC4,-0.00145,-0.001451
1087,2021-11-17,18.863636016845703,BBDC4,0.004356,0.004347
1088,2021-11-18,18.68181800842285,BBDC4,-0.009639,-0.009685
1089,2021-11-19,18.66363525390625,BBDC4,-0.000973,-0.000974
1090,2021-11-22,18.3454532623291,BBDC4,-0.017048,-0.017195
1091,2021-11-23,18.700000762939453,BBDC4,0.019326,0.019142
1092,2021-11-24,19.18181800842285,BBDC4,0.025766,0.025439
1093,2021-11-25,19.336362838745117,BBDC4,0.008057,0.008025
1094,2021-11-26,18.563636779785156,BBDC4,-0.039962,-0.040783
1095,2021-11-29,18.42727279663086,BBDC4,-0.007346,-0.007373
1096,2021-11-30,18.100000381469727,BBDC4,-0.01776,-0.01792
1097,2021-12-01,18.027271270751953,BBDC4,-0.004018,-0.004026
1098,2021-12-02,18.92727279663086,BBDC4,0.049924,0.048718
1099,2021-12-03,18.872726440429688,BBDC4,-0.002882,-0.002886
1100,2021-12-06,19.27272605895996,BBDC4,0.021195,0.020973
1101,2021-12-07,19.045454025268555,BBDC4,-0.011792,-0.011862
1102,2021-12-08,18.92727279663086,BBDC4,-0.006205,-0.006225
1103,2021-12-09,18.445453643798828,BBDC4,-0.025456,-0.025786
1104,2021-12-10,18.372726440429688,BBDC4,-0.003943,-0.003951
1105,2021-12-13,18.03636360168457,BBDC4,-0.018308,-0.018477
1106,2021-12-14,18.30908966064453,BBDC4,0.015121,0.015008
1107,2021-12-15,18.30908966064453,BBDC4,0.0,0.0
1108,2021-12-16,18.53636360168457,BBDC4,0.012413,0.012337
1109,2021-12-17,18.01818084716797,BBDC4,-0.027955,-0.028353
1110,2021-12-20,17.64545440673828,BBDC4,-0.020686,-0.020903
1111,2021-12-21,17.35454559326172,BBDC4,-0.016486,-0.016624
1112,2021-12-22,17.436363220214844,BBDC4,0.004714,0.004703
1113,2021-12-23,17.490909576416016,BBDC4,0.003128,0.003123
1114,2021-12-27,17.690908432006836,BBDC4,0.011434,0.01137
1115,2021-12-28,17.62727165222168,BBDC4,-0.003597,-0.003604
1116,2021-12-29,17.545454025268555,BBDC4,-0.004642,-0.004652
1117,2021-12-30,17.46363639831543,BBDC4,-0.004663,-0.004674
1118,2022-01-03,17.899999618530273,BBDC4,0.024987,0.02468
1119,2022-01-04,18.0,BBDC4,0.005587,0.005571
1120,2022-01-05,17.872726440429688,BBDC4,-0.007071,-0.007096
1121,2022-01-06,18.12727165222168,BBDC4,0.014242,0.014142
1122,2022-01-07,18.39090919494629,BBDC4,0.014544,0.014439
1123,2022-01-10,18.454544067382812,BBDC4,0.00346,0.003454
1124,2022-01-11,18.4818172454834,BBDC4,0.001478,0.001477
1125,2022-01-12,18.3454532623291,BBDC4,-0.007378,-0.007406
1126,2022-01-13,18.672727584838867,BBDC4,0.01784,0.017682
1127,2022-01-14,18.972726821899414,BBDC4,0.016066,0.015938
1128,2022-01-17,19.081817626953125,BBDC4,0.00575,0.005733
1129,2022-01-18,19.42727279663086,BBDC4,0.018104,0.017942
1130,2022-01-19,19.18181800842285,BBDC4,-0.012635,-0.012715
1131,2022-01-20,19.16363525390625,BBDC4,-0.000948,-0.000948
1132,2022-01-21,18.96363639831543,BBDC4,-0.010436,-0.010491
1133,2022-01-24,19.363636016845703,BBDC4,0.021093,0.020874
1134,2022-01-25,20.136362075805664,BBDC4,0.039906,0.03913
1135,2022-01-26,20.154544830322266,BBDC4,0.000903,0.000903
1136,2022-01-27,20.254545211791992,BBDC4,0.004962,0.004949
1137,2022-01-28,20.545454025268555,BBDC4,0.014363,0.01426
1138,2022-01-31,20.727272033691406,BBDC4,0.00885,0.008811
1139,2022-02-01,20.799999237060547,BBDC4,0.003509,0.003503
1140,2022-02-02,20.409090042114258,BBDC4,-0.018794,-0.018973
1141,2022-02-03,20.709089279174805,BBDC4,0.014699,0.014592
1142,2022-02-04,20.8454532623291,BBDC4,0.006585,0.006563
1143,2022-02-07,20.77272605895996,BBDC4,-0.003489,-0.003495
1144,2022-02-08,20.654544830322266,BBDC4,-0.005689,-0.005705
1145,2022-02-09,18.881818771362305,BBDC4,-0.085827,-0.089736
1146,2022-02-10,19.154544830322266,BBDC4,0.014444,0.014341
1147,2022-02-11,19.218181610107422,BBDC4,0.003322,0.003317
1148,2022-02-14,19.245454788208008,BBDC4,0.001419,0.001418
1149,2022-02-15,19.263635635375977,BBDC4,0.000945,0.000944
1150,2022-02-16,19.490909576416016,BBDC4,0.011798,0.011729
1151,2022-02-17,19.263635635375977,BBDC4,-0.011661,-0.011729
1152,2022-02-18,19.372726440429688,BBDC4,0.005663,0.005647
1153,2022-02-21,19.14545440673828,BBDC4,-0.011732,-0.011801
1154,2022-02-22,19.07272720336914,BBDC4,-0.003799,-0.003806
1155,2022-02-23,18.9818172454834,BBDC4,-0.004766,-0.004778
1156,2022-02-24,18.409090042114258,BBDC4,-0.030172,-0.030637
1157,2022-02-25,18.5,BBDC4,0.004938,0.004926
1158,2022-03-02,18.30908966064453,BBDC4,-0.010319,-0.010373
1159,2022-03-03,18.64545440673828,BBDC4,0.018371,0.018205
1160,2022-03-04,18.10909080505371,BBDC4,-0.028766,-0.029188
1161,2022-03-07,17.64545440673828,BBDC4,-0.025602,-0.025936
1162,2022-03-08,17.872726440429688,BBDC4,0.01288,0.012798
1163,2022-03-09,19.01818084716797,BBDC4,0.06409,0.06212
1164,2022-03-10,18.899999618530273,BBDC4,-0.006214,-0.006234
1165,2022-03-11,18.818180084228516,BBDC4,-0.004329,-0.004338
1166,2022-03-14,18.954544067382812,BBDC4,0.007246,0.00722
1167,2022-03-15,18.909090042114258,BBDC4,-0.002398,-0.002401
1168,2022-03-16,19.18181800842285,BBDC4,0.014423,0.01432
1169,2022-03-17,19.254545211791992,BBDC4,0.003791,0.003784
1170,2022-03-18,19.209089279174805,BBDC4,-0.002361,-0.002364
1171,2022-03-21,19.66363525390625,BBDC4,0.023663,0.023387
1172,2022-03-22,19.909090042114258,BBDC4,0.012483,0.012405
1173,2022-03-23,19.781818389892578,BBDC4,-0.006393,-0.006413
1174,2022-03-24,20.07272720336914,BBDC4,0.014706,0.014599
1175,2022-03-25,20.254545211791992,BBDC4,0.009058,0.009017
1176,2022-03-28,20.154544830322266,BBDC4,-0.004937,-0.004949
1177,2022-03-29,20.51818084716797,BBDC4,0.018042,0.017882
1178,2022-03-30,20.39090919494629,BBDC4,-0.006203,-0.006222
1179,2022-03-31,20.200000762939453,BBDC4,-0.009362,-0.009407
1180,2022-04-01,19.9818172454834,BBDC4,-0.010801,-0.01086
1181,2022-04-04,19.881818771362305,BBDC4,-0.005004,-0.005017
1182,2022-04-05,19.327272415161133,BBDC4,-0.027892,-0.028289
1183,2022-04-06,19.227272033691406,BBDC4,-0.005174,-0.005187
1184,2022-04-07,19.30908966064453,BBDC4,0.004255,0.004246
1185,2022-04-08,19.527271270751953,BBDC4,0.011299,0.011236
1186,2022-04-11,19.5,BBDC4,-0.001397,-0.001398
1187,2022-04-12,19.327272415161133,BBDC4,-0.008858,-0.008897
1188,2022-04-13,19.527271270751953,BBDC4,0.010348,0.010295
1189,2022-04-14,19.4818172454834,BBDC4,-0.002328,-0.00233
